, install pingid  install pingid  onedrive 2016 set onedrive  open file onedrive  experience sync issue onedrive sharepoint  folder me incorre sync tile library use onedrive  pingid issue  issue configure desktop mobile pingid  outlook 2016 install microsoft 2016 pingid setup  setup pingid  unlock reset pingid reset  login onenote sync account get code pingid desktop idle reply  pingid require everytime access salesbook  support pingid instaltion registration  error encounter pingid auentication  reconne pingid  request pingid account reset  request pingid account reset  assistance configure pingid  assistance configure pingid account  assistance configure pingid account 
2016,0.14018079405479933
access,0.046726931351599776
account,0.23363465675799888
assistance,0.14018079405479933
auentication,0.046726931351599776
code,0.046726931351599776
configure,0.1869077254063991
desktop,0.09345386270319955
encounter,0.046726931351599776
error,0.046726931351599776
everytime,0.046726931351599776
experience,0.046726931351599776
file,0.046726931351599776
folder,0.046726931351599776
idle,0.046726931351599776
incorre,0.046726931351599776
install,0.14018079405479933
instaltion,0.046726931351599776
issue,0.14018079405479933
library,0.046726931351599776
login,0.046726931351599776
microsoft,0.046726931351599776
mobile,0.046726931351599776
onedrive,0.23363465675799888
onenote,0.046726931351599776
open,0.046726931351599776
outlook,0.046726931351599776
pingid,0.7943578329771962
reconne,0.046726931351599776
registration,0.046726931351599776
reply,0.046726931351599776
request,0.09345386270319955
require,0.046726931351599776
reset,0.1869077254063991
salesbook,0.046726931351599776
set,0.046726931351599776
setup,0.09345386270319955
sharepoint,0.046726931351599776
support,0.046726931351599776
sync,0.14018079405479933
tile,0.046726931351599776
unlock,0.046726931351599776
use,0.046726931351599776
